{
  "table": "customers_fields",
  "data": {
    "accountId": {
      "type": "UUID",
      "filter": "= !=",
      "descr": "ID учетной записи Обязательное при ответе Только для чтения"
    },
    "accounts": {
      "type": "MetaArray",
      "filter": null,
      "descr": "Массив счетов Контрагентов. Подробнее тут Обязательное при ответе Expand"
    },
    "actualAddress": {
      "type": "String(255)",
      "filter": "= != ~ ~= =~",
      "descr": "Фактический адрес Контрагента"
    },
    "actualAddressFull": {
      "type": "Object",
      "filter": null,
      "descr": "Фактический адрес Контрагента с детализацией по отдельным полям. Подробнее тут"
    },
    "archived": {
      "type": "Boolean",
      "filter": "= !=",
      "descr": "Добавлен ли Контрагент в архив Обязательное при ответе"
    },
    "attributes": {
      "type": "Array(Object)",
      "filter": "Операторы доп. полей",
      "descr": "Массив метаданных доп. полей"
    },
    "bonusPoints": {
      "type": "Int",
      "filter": null,
      "descr": "Бонусные баллы по активной бонусной программе Только для чтения"
    },
    "bonusProgram": {
      "type": "Meta",
      "filter": null,
      "descr": "Метаданные активной Бонусной программы Expand"
    },
    "code": {
      "type": "String(255)",
      "filter": "= != ~ ~= =~",
      "descr": "Код Контрагента"
    },
    "companyType": {
      "type": "Enum",
      "filter": "= !=",
      "descr": "Тип Контрагента. В зависимости от значения данного поля набор выводимых реквизитов контрагента может меняться. Подробнее тут Обязательное при ответе"
    },
    "contactpersons": {
      "type": "MetaArray",
      "filter": null,
      "descr": "Массив контактных лиц фирмы Контрагента. Подробнее тут Expand"
    },
    "created": {
      "type": "DateTime",
      "filter": "= != < > <= >=",
      "descr": "Момент создания Обязательное при ответе"
    },
    "description": {
      "type": "String(4096)",
      "filter": "= != ~ ~= =~",
      "descr": "Комментарий к Контрагенту"
    },
    "discountCardNumber": {
      "type": "String(255)",
      "filter": "= != ~ ~= =~",
      "descr": "Номер дисконтной карты Контрагента"
    },
    "discounts": {
      "type": "Array(Object)",
      "filter": null,
      "descr": "Массив скидок Контрагента. Массив может содержать персональные и накопительные скидки. Персональная скидка выводится, если хотя бы раз изменялся процент скидки для контрагента, значение будет указано в поле personalDiscount"
    },
    "email": {
      "type": "String(255)",
      "filter": "= != ~ ~= =~",
      "descr": "Адрес электронной почты"
    },
    "externalCode": {
      "type": "String(255)",
      "filter": "= != ~ ~= =~",
      "descr": "Внешний код Контрагента Обязательное при ответе"
    },
    "fax": {
      "type": "String(255)",
      "filter": "= != ~ ~= =~",
      "descr": "Номер факса"
    },
    "files": {
      "type": "MetaArray",
      "filter": null,
      "descr": "Метаданные массива Файлов (Максимальное количество файлов - 100) Обязательное при ответе Expand"
    },
    "group": {
      "type": "Meta",
      "filter": "= !=",
      "descr": "Отдел сотрудника Обязательное при ответе Expand"
    },
    "id": {
      "type": "UUID",
      "filter": "= !=",
      "descr": "ID Контрагента Обязательное при ответе Только для чтения"
    },
    "meta": {
      "type": "Meta",
      "filter": null,
      "descr": "Метаданные Контрагента Обязательное при ответе"
    },
    "name": {
      "type": "String(255)",
      "filter": "= != ~ ~= =~",
      "descr": "Наименование Контрагента Обязательное при ответе Необходимо при создании"
    },
    "notes": {
      "type": "MetaArray",
      "filter": null,
      "descr": "Массив событий Контрагента. Подробнее тут Expand"
    },
    "owner": {
      "type": "Meta",
      "filter": "= !=",
      "descr": "Владелец (Сотрудник) Expand"
    },
    "phone": {
      "type": "String(255)",
      "filter": "= != ~ ~= =~",
      "descr": "Номер городского телефона"
    },
    "priceType": {
      "type": "Object",
      "filter": "= !=",
      "descr": "Тип цены Контрагента. Подробнее тут"
    },
    "salesAmount": {
      "type": "Int",
      "filter": null,
      "descr": "Сумма продаж Обязательное при ответе Только для чтения"
    },
    "shared": {
      "type": "Boolean",
      "filter": "= !=",
      "descr": "Общий доступ Обязательное при ответе"
    },
    "state": {
      "type": "Meta",
      "filter": "= !=",
      "descr": "Метаданные Статуса Контрагента Expand"
    },
    "syncId": {
      "type": "UUID",
      "filter": "= !=",
      "descr": "ID синхронизации После заполнения недоступно для изменения"
    },
    "tags": {
      "type": "Array(String)",
      "filter": "= !=",
      "descr": "Группы контрагента"
    },
    "updated": {
      "type": "DateTime",
      "filter": "= != < > <= >=",
      "descr": "Момент последнего обновления Контрагента Обязательное при ответе Только для чтения"
    },
    "certificateDate": {
      "type": "DateTime",
      "filter": null,
      "descr": "Дата свидетельства"
    },
    "certificateNumber": {
      "type": "String(255)",
      "filter": null,
      "descr": "Номер свидетельства"
    },
    "inn": {
      "type": "String(255)",
      "filter": "= != ~ ~= =~",
      "descr": "ИНН"
    },
    "kpp": {
      "type": "String(255)",
      "filter": "= != ~ ~= =~",
      "descr": "КПП"
    },
    "legalAddress": {
      "type": "String(255)",
      "filter": "= != ~ ~= =~",
      "descr": "Юридический адрес Контрагента"
    },
    "legalAddressFull": {
      "type": "Object",
      "filter": null,
      "descr": "Юридический адрес Контрагента с детализацией по отдельным полям"
    },
    "legalFirstName": {
      "type": "String(255)",
      "filter": null,
      "descr": "Имя для Контрагента типа [Индивидуальный предприниматель, Физическое лицо]. Игнорируется для Контрагентов типа [Юридическое лицо]"
    },
    "legalLastName": {
      "type": "String(255)",
      "filter": null,
      "descr": "Фамилия для Контрагента типа [Индивидуальный предприниматель, Физическое лицо]. Игнорируется для Контрагентов типа [Юридическое лицо]"
    },
    "legalMiddleName": {
      "type": "String(255)",
      "filter": null,
      "descr": "Отчество для Контрагента типа [Индивидуальный предприниматель, Физическое лицо]. Игнорируется для Контрагентов типа [Юридическое лицо]"
    },
    "legalTitle": {
      "type": "String(4096)",
      "filter": "= != ~ ~= =~",
      "descr": "Полное наименование для Контрагента типа [Юридическое лицо]. Игнорируется для Контрагентов типа [Индивидуальный предприниматель, Физическое лицо], если передано одно из значений для ФИО и формируется автоматически на основе получаемых ФИО Контрагента"
    },
    "ogrn": {
      "type": "String(255)",
      "filter": null,
      "descr": "ОГРН"
    },
    "ogrnip": {
      "type": "String(255)",
      "filter": null,
      "descr": "ОГРНИП"
    },
    "okpo": {
      "type": "String(255)",
      "filter": null,
      "descr": "ОКПО"
    }
  }
}