{
  "table": "customers_bal_fields",
  "url": "https://online.moysklad.ru/api/remap/1.2/report/counterparty",
  "data": {
    "averageReceipt": {
      "type": "Float",
      "filter": "= != < > <= >=",
      "descr": "Средний чек Обязательное при ответе"
    },
    "balance": {
      "type": "Float",
      "filter": "= != < > <= >=",
      "descr": "Баланс Обязательное при ответе"
    },
    "bonusBalance": {
      "type": "Float",
      "filter": null,
      "descr": "Баллы Обязательное при ответе"
    },
    "counterparty": {
      "type": "Object",
      "filter": null,
      "descr": "Контрагент. Подробнее тут Обязательное при ответе"
    },
    "demandsCount": {
      "type": "Int",
      "filter": "= != < > <= >=",
      "descr": "Количество продаж Обязательное при ответе"
    },
    "demandsSum": {
      "type": "Float",
      "filter": "= != < > <= >=",
      "descr": "Сумма продаж Обязательное при ответе"
    },
    "discountsSum": {
      "type": "Float",
      "filter": "= != < > <= >=",
      "descr": "Сумма скидок Обязательное при ответе"
    },
    "firstDemandDate": {
      "type": "DateTime",
      "filter": "= != < > <= >=",
      "descr": "Дата первой продажи Обязательное при ответе"
    },
    "lastDemandDate": {
      "type": "DateTime",
      "filter": "= != < > <= >=",
      "descr": "Дата последней продажи Обязательное при ответе"
    },
    "lastEventDate": {
      "type": "DateTime",
      "filter": "= != < > <= >=",
      "descr": "Дата последнего события Обязательное при ответе"
    },
    "lastEventText": {
      "type": "String(255)",
      "filter": "= != ~ ~= =~",
      "descr": "Текст последнего события Обязательное при ответе"
    },
    "meta": {
      "type": "Meta",
      "filter": null,
      "descr": "Метаданные Отчета по данному контрагенту Обязательное при ответе"
    },
    "profit": {
      "type": "Float",
      "filter": "= != < > <= >=",
      "descr": "Прибыль Обязательное при ответе"
    },
    "returnsCount": {
      "type": "Int",
      "filter": "= != < > <= >=",
      "descr": "Количество возвратов Обязательное при ответе"
    },
    "returnsSum": {
      "type": "Float",
      "filter": "= != < > <= >=",
      "descr": "Сумма возвратов Обязательное при ответе"
    },
    "updated": {
      "type": "DateTime",
      "filter": "= != < > <= >=",
      "descr": "Момент последнего изменения контрагента Обязательное при ответе"
    }
  }
}