{
  "table": "invin_fields",
  "url": "https://online.moysklad.ru/api/remap/1.2/entity/facturein",
  "data": {
    "accountId": {
      "type": "UUID",
      "filter": "= !=",
      "descr": "ID учетной записи Обязательное при ответе Только для чтения"
    },
    "agent": {
      "type": "Meta",
      "filter": "= !=",
      "descr": "Метаданные контрагента Обязательное при ответе Expand"
    },
    "applicable": {
      "type": "Boolean",
      "filter": "= !=",
      "descr": "Отметка о проведении Обязательное при ответе"
    },
    "attributes": {
      "type": "Array(Object)",
      "filter": "Операторы доп. полей",
      "descr": "Коллекция метаданных доп. полей. Поля объекта"
    },
    "code": {
      "type": "String(255)",
      "filter": "= != ~ ~= =~",
      "descr": "Код выданного Счета-фактуры полученного"
    },
    "contract": {
      "type": "Meta",
      "filter": "= !=",
      "descr": "Метаданные договора Expand"
    },
    "created": {
      "type": "DateTime",
      "filter": "= != < > <= >=",
      "descr": "Дата создания Обязательное при ответе Только для чтения"
    },
    "deleted": {
      "type": "DateTime",
      "filter": "= != < > <= >=",
      "descr": "Момент последнего удаления Счета-фактуры полученного Только для чтения"
    },
    "description": {
      "type": "String(4096)",
      "filter": "= != ~ ~= =~",
      "descr": "Комментарий выданного Счета-фактуры полученного"
    },
    "externalCode": {
      "type": "String(255)",
      "filter": "= != ~ ~= =~",
      "descr": "Внешний код выданного Счета-фактуры полученного Обязательное при ответе"
    },
    "files": {
      "type": "MetaArray",
      "filter": null,
      "descr": "Метаданные массива Файлов (Максимальное количество файлов - 100) Обязательное при ответе Expand"
    },
    "group": {
      "type": "Meta",
      "filter": "= !=",
      "descr": "Отдел сотрудника Обязательное при ответе Expand"
    },
    "id": {
      "type": "UUID",
      "filter": "= !=",
      "descr": "ID Счета-фактуры полученного Обязательное при ответе Только для чтения"
    },
    "meta": {
      "type": "Meta",
      "filter": null,
      "descr": "Метаданные Счета-фактуры полученного Обязательное при ответе"
    },
    "moment": {
      "type": "DateTime",
      "filter": "= != < > <= >=",
      "descr": "Дата документа Обязательное при ответе"
    },
    "name": {
      "type": "String(255)",
      "filter": "= != ~ ~= =~",
      "descr": "Наименование выданного Счета-фактуры полученного Обязательное при ответе"
    },
    "organization": {
      "type": "Meta",
      "filter": "= !=",
      "descr": "Метаданные юрлица Обязательное при ответе Expand Необходимо при создании"
    },
    "owner": {
      "type": "Meta",
      "filter": "= !=",
      "descr": "Владелец (Сотрудник) Обязательное при ответе Expand"
    },
    "printed": {
      "type": "Boolean",
      "filter": "= !=",
      "descr": "Напечатан ли документ Обязательное при ответе Только для чтения"
    },
    "published": {
      "type": "Boolean",
      "filter": "= !=",
      "descr": "Опубликован ли документ Обязательное при ответе Только для чтения"
    },
    "rate": {
      "type": "Object",
      "filter": null,
      "descr": "Валюта. Подробнее тут Обязательное при ответе"
    },
    "shared": {
      "type": "Boolean",
      "filter": "= !=",
      "descr": "Общий доступ Обязательное при ответе"
    },
    "state": {
      "type": "Meta",
      "filter": "= !=",
      "descr": "Метаданные статуса Счета-фактуры полученного Expand"
    },
    "sum": {
      "type": "Int",
      "filter": "= != < > <= >=",
      "descr": "Сумма Счета-фактуры полученного в установленной валюте Обязательное при ответе Только для чтения"
    },
    "syncId": {
      "type": "UUID",
      "filter": "= !=",
      "descr": "ID синхронизации. После заполнения недоступен для изменения"
    },
    "supplies": {
      "type": "MetaArray",
      "filter": null,
      "descr": "Массив ссылок на связанные приемки в формате Метаданных"
    },
    "payments": {
      "type": "MetaArray",
      "filter": null,
      "descr": "Массив ссылок на связанные исходящие платежи в формате Метаданных"
    },
    "incomingNumber": {
      "type": "String(255)",
      "filter": null,
      "descr": "Входящий номер"
    },
    "incomingDate": {
      "type": "DateTime",
      "filter": null,
      "descr": "Входящая дата"
    },
    "updated": {
      "type": "DateTime",
      "filter": "= != < > <= >=",
      "descr": "Момент последнего обновления Счета-фактуры полученного Обязательное при ответе Только для чтения"
    }
  }
}