{
  "table": "invout_fields",
  "url": "https://online.moysklad.ru/api/remap/1.2/entity/factureout",
  "data": {
    "accountId": {
      "type": "UUID",
      "filter": "= !=",
      "descr": "ID учетной записи Обязательное при ответе Только для чтения"
    },
    "agent": {
      "type": "Meta",
      "filter": "= !=",
      "descr": "Метаданные контрагента Обязательное при ответе Expand"
    },
    "applicable": {
      "type": "Boolean",
      "filter": "= !=",
      "descr": "Отметка о проведении Обязательное при ответе"
    },
    "attributes": {
      "type": "Array(Object)",
      "filter": "Операторы доп. полей",
      "descr": "Коллекция метаданных доп. полей. Поля объекта"
    },
    "code": {
      "type": "String(255)",
      "filter": "= != ~ ~= =~",
      "descr": "Код выданного Счета-фактуры"
    },
    "contract": {
      "type": "Meta",
      "filter": "= !=",
      "descr": "Метаданные договора Expand"
    },
    "created": {
      "type": "DateTime",
      "filter": "= != < > <= >=",
      "descr": "Дата создания Обязательное при ответе Только для чтения"
    },
    "deleted": {
      "type": "DateTime",
      "filter": "= != < > <= >=",
      "descr": "Момент последнего удаления выданного Счета-фактуры Только для чтения"
    },
    "description": {
      "type": "String(4096)",
      "filter": "= != ~ ~= =~",
      "descr": "Комментарий выданного Счета-фактуры"
    },
    "externalCode": {
      "type": "String(255)",
      "filter": "= != ~ ~= =~",
      "descr": "Внешний код выданного Счета-фактуры Обязательное при ответе"
    },
    "files": {
      "type": "MetaArray",
      "filter": null,
      "descr": "Метаданные массива Файлов (Максимальное количество файлов - 100) Обязательное при ответе Expand"
    },
    "group": {
      "type": "Meta",
      "filter": "= !=",
      "descr": "Отдел сотрудника Обязательное при ответе Expand"
    },
    "id": {
      "type": "UUID",
      "filter": "= !=",
      "descr": "ID выданного Счета-фактуры Обязательное при ответе Только для чтения"
    },
    "meta": {
      "type": "Meta",
      "filter": null,
      "descr": "Метаданные выданного Счета-фактуры Обязательное при ответе"
    },
    "moment": {
      "type": "DateTime",
      "filter": "= != < > <= >=",
      "descr": "Дата документа Обязательное при ответе"
    },
    "name": {
      "type": "String(255)",
      "filter": "= != ~ ~= =~",
      "descr": "Наименование выданного Счета-фактуры Обязательное при ответе"
    },
    "organization": {
      "type": "Meta",
      "filter": "= !=",
      "descr": "Метаданные юрлица Обязательное при ответе Expand Необходимо при создании"
    },
    "owner": {
      "type": "Meta",
      "filter": "= !=",
      "descr": "Владелец (Сотрудник) Обязательное при ответе Expand"
    },
    "printed": {
      "type": "Boolean",
      "filter": "= !=",
      "descr": "Напечатан ли документ Обязательное при ответе Только для чтения"
    },
    "published": {
      "type": "Boolean",
      "filter": "= !=",
      "descr": "Опубликован ли документ Обязательное при ответе Только для чтения"
    },
    "rate": {
      "type": "Object",
      "filter": null,
      "descr": "Валюта. Подробнее тут Обязательное при ответе"
    },
    "shared": {
      "type": "Boolean",
      "filter": "= !=",
      "descr": "Общий доступ Обязательное при ответе"
    },
    "state": {
      "type": "Meta",
      "filter": "= !=",
      "descr": "Метаданные статуса выданного Счета-фактуры Expand"
    },
    "stateContractId": {
      "type": "String(255)",
      "filter": null,
      "descr": "Идентификатор государственного контракта, договора (соглашения)"
    },
    "sum": {
      "type": "Int",
      "filter": "= != < > <= >=",
      "descr": "Сумма выданного Счета-фактуры в копейках Обязательное при ответе Только для чтения"
    },
    "syncId": {
      "type": "UUID",
      "filter": "= !=",
      "descr": "ID синхронизации. После заполнения недоступен для изменения"
    },
    "demands": {
      "type": "MetaArray",
      "filter": "",
      "descr": "Массив ссылок на связанные отгрузки в формате Метаданных"
    },
    "payments": {
      "type": "MetaArray",
      "filter": null,
      "descr": "Массив ссылок на связанные входящие платежи в формате Метаданных"
    },
    "returns": {
      "type": "MetaArray",
      "filter": null,
      "descr": "Массив ссылок на связанные возвраты поставщикам в формате Метаданных"
    },
    "consignee": {
      "type": "Meta",
      "filter": null,
      "descr": "Метаданные грузополучателя (контрагент или юрлицо)"
    },
    "paymentNumber": {
      "type": "String(255)",
      "filter": null,
      "descr": "Название платежного документа"
    },
    "paymentDate": {
      "type": "DateTime",
      "filter": null,
      "descr": "Дата платежного документа"
    },
    "updated": {
      "type": "DateTime",
      "filter": "= != < > <= >=",
      "descr": "Момент последнего обновления выданного Счета-фактуры Обязательное при ответе Только для чтения"
    }
  }
}