{
  "table": "packout_fields",
  "data": {
    "accountId": {
      "type": "UUID",
      "filter": "= !=",
      "descr": "ID учетной записи Обязательное при ответе Только для чтения Change-handler"
    },
    "agent": {
      "type": "Meta",
      "filter": "= !=",
      "descr": "Метаданные контрагента Обязательное при ответе Expand Необходимо при создании Change-handler Update-provider"
    },
    "agentAccount": {
      "type": "Meta",
      "filter": null,
      "descr": "Метаданные счета контрагента Expand Change-handler Update-provider"
    },
    "applicable": {
      "type": "Boolean",
      "filter": "= !=",
      "descr": "Отметка о проведении Обязательное при ответе Change-handler Update-provider"
    },
    "attributes": {
      "type": "Array(Object)",
      "filter": "Операторы доп. полей",
      "descr": "Коллекция метаданных доп. полей. Поля объекта Change-handler Update-provider"
    },
    "code": {
      "type": "String(255)",
      "filter": "= != ~ ~= =~",
      "descr": "Код Отгрузки"
    },
    "contract": {
      "type": "Meta",
      "filter": "= !=",
      "descr": "Метаданные договора Expand Change-handler Update-provider"
    },
    "created": {
      "type": "DateTime",
      "filter": "= != < > <= >=",
      "descr": "Дата создания Обязательное при ответе Только для чтения Change-handler"
    },
    "deleted": {
      "type": "DateTime",
      "filter": "= != < > <= >=",
      "descr": "Момент последнего удаления Отгрузки Только для чтения"
    },
    "description": {
      "type": "String(4096)",
      "filter": "= != ~ ~= =~",
      "descr": "Комментарий Отгрузки  Change-handler Update-provider"
    },
    "externalCode": {
      "type": "String(255)",
      "filter": "= != ~ ~= =~",
      "descr": "Внешний код Отгрузки Обязательное при ответе Change-handler"
    },
    "files": {
      "type": "MetaArray",
      "filter": null,
      "descr": "Метаданные массива Файлов (Максимальное количество файлов - 100) Обязательное при ответе Expand"
    },
    "group": {
      "type": "Meta",
      "filter": "= !=",
      "descr": "Отдел сотрудника Обязательное при ответе Expand"
    },
    "id": {
      "type": "UUID",
      "filter": "= !=",
      "descr": "ID Отгрузки Обязательное при ответе Только для чтения Change-handler"
    },
    "meta": {
      "type": "Meta",
      "filter": null,
      "descr": "Метаданные Отгрузки Обязательное при ответе Change-handler"
    },
    "moment": {
      "type": "DateTime",
      "filter": "= != < > <= >=",
      "descr": "Дата документа Обязательное при ответе Change-handler Update-provider"
    },
    "name": {
      "type": "String(255)",
      "filter": "= != ~ ~= =~",
      "descr": "Наименование Отгрузки Обязательное при ответе Change-handler Update-provider"
    },
    "organization": {
      "type": "Meta",
      "filter": "= !=",
      "descr": "Метаданные юрлица Обязательное при ответе Expand Необходимо при создании Change-handler Update-provider"
    },
    "organizationAccount": {
      "type": "Meta",
      "filter": null,
      "descr": "Метаданные счета юрлица Expand Change-handler Update-provider"
    },
    "overhead": {
      "type": "Object",
      "filter": null,
      "descr": "Накладные расходы. Подробнее тут. Если Позиции Отгрузки не заданы, то накладные расходы нельзя задать Update-provider"
    },
    "owner": {
      "type": "Meta",
      "filter": "= !=",
      "descr": "Владелец (Сотрудник) Обязательное при ответе Expand"
    },
    "payedSum": {
      "type": "Float",
      "filter": null,
      "descr": "Сумма входящих платежей по Отгрузке Обязательное при ответе Только для чтения"
    },
    "positions": {
      "type": "MetaArray",
      "filter": null,
      "descr": "Метаданные позиций Отгрузки Обязательное при ответе Expand Change-handler Update-provider"
    },
    "printed": {
      "type": "Boolean",
      "filter": "= !=",
      "descr": "Напечатан ли документ Обязательное при ответе Только для чтения"
    },
    "project": {
      "type": "Meta",
      "filter": "= !=",
      "descr": "Метаданные проекта Expand Change-handler Update-provider"
    },
    "published": {
      "type": "Boolean",
      "filter": "= !=",
      "descr": "Опубликован ли документ Обязательное при ответе Только для чтения"
    },
    "rate": {
      "type": "Object",
      "filter": null,
      "descr": "Валюта. Подробнее тут Обязательное при ответе Change-handler Update-provider"
    },
    "salesChannel": {
      "type": "Meta",
      "filter": "= !=",
      "descr": "Метаданные канала продаж Expand"
    },
    "shared": {
      "type": "Boolean",
      "filter": "= !=",
      "descr": "Общий доступ Обязательное при ответе"
    },
    "shipmentAddress": {
      "type": "String(255)",
      "filter": "= != ~ ~= =~",
      "descr": "Адрес доставки Отгрузки  Change-handler"
    },
    "shipmentAddressFull": {
      "type": "Object",
      "filter": null,
      "descr": "Адрес доставки Отгрузки с детализацией по отдельным полям. Подробнее тут Change-handler"
    },
    "state": {
      "type": "Meta",
      "filter": "= !=",
      "descr": "Метаданные статуса Отгрузки Expand Change-handler Update-provider"
    },
    "store": {
      "type": "Meta",
      "filter": "= !=",
      "descr": "Метаданные склада Обязательное при ответе Expand Необходимо при создании Change-handler Update-provider"
    },
    "sum": {
      "type": "Int",
      "filter": "= != < > <= >=",
      "descr": "Сумма Отгрузки в копейках Обязательное при ответе Только для чтения Change-handler"
    },
    "syncId": {
      "type": "UUID",
      "filter": "= !=",
      "descr": "ID синхронизации. После заполнения недоступен для изменения"
    },
    "updated": {
      "type": "DateTime",
      "filter": "= != < > <= >=",
      "descr": "Момент последнего обновления Отгрузки Обязательное при ответе Только для чтения Change-handler"
    },
    "vatEnabled": {
      "type": "Boolean",
      "filter": null,
      "descr": "Учитывается ли НДС Обязательное при ответе Change-handler Update-provider"
    },
    "vatIncluded": {
      "type": "Boolean",
      "filter": null,
      "descr": "Включен ли НДС в цену  Change-handler Update-provider"
    },
    "vatSum": {
      "type": "Float",
      "filter": null,
      "descr": "Сумма НДС  Change-handler"
    },
    "customerOrder": {
      "type": "Meta",
      "filter": null,
      "descr": "Ссылка на Заказ Покупателя, с которым связана эта Отгрузка в формате Метаданных"
    },
    "factureOut": {
      "type": "Meta",
      "filter": null,
      "descr": "Ссылка на Счет-фактуру выданный, с которым связана эта Отгрузка в формате Метаданных"
    },
    "returns": {
      "type": "MetaArray",
      "filter": null,
      "descr": "Массив ссылок на связанные возвраты в формате Метаданных"
    },
    "payments": {
      "type": "MetaArray",
      "filter": null,
      "descr": "Массив ссылок на связанные платежи в формате Метаданных"
    },
    "invoicesOut": {
      "type": "MetaArray",
      "filter": null,
      "descr": "Массив ссылок на связанные счета покупателям в формате Метаданных"
    },
    "cargoName": {
      "type": "String(255)",
      "filter": null,
      "descr": "Наименование груза  Change-handler"
    },
    "carrier": {
      "type": "Meta",
      "filter": null,
      "descr": "Метаданные перевозчика (контрагент или юрлицо) Expand Change-handler"
    },
    "consignee": {
      "type": "Meta",
      "filter": null,
      "descr": "Метаданные грузополучателя (контрагент или юрлицо)  Change-handler"
    },
    "goodPackQuantity": {
      "type": "Int",
      "filter": null,
      "descr": "Всего мест  Change-handler"
    },
    "shippingInstructions": {
      "type": "String(255)",
      "filter": null,
      "descr": "Указания грузоотправителя  Change-handler"
    },
    "stateContractId": {
      "type": "String(255)",
      "filter": null,
      "descr": "Идентификатор государственного контракта, договора (соглашения)  Change-handler"
    },
    "transportFacility": {
      "type": "String(255)",
      "filter": null,
      "descr": "Транспортное средство  Change-handler"
    },
    "transportFacilityNumber": {
      "type": "String(255)",
      "filter": null,
      "descr": "Номер автомобиля  Change-handler"
    }
  }
}