{
  "table": "packin_fields",
  "url": "https://online.moysklad.ru/api/remap/1.2/entity/supply",
  "data": {
    "accountId": {
      "type": "UUID",
      "filter": "= !=",
      "descr": "ID учетной записи Обязательное при ответе Только для чтения Change-handler"
    },
    "agent": {
      "type": "Meta",
      "filter": "= !=",
      "descr": "Метаданные контрагента Обязательное при ответе Expand Необходимо при создании Change-handler Update-provider"
    },
    "agentAccount": {
      "type": "Meta",
      "filter": null,
      "descr": "Метаданные счета контрагента Expand Change-handler Update-provider"
    },
    "applicable": {
      "type": "Boolean",
      "filter": "= !=",
      "descr": "Отметка о проведении Обязательное при ответе Change-handler Update-provider"
    },
    "attributes": {
      "type": "Array(Object)",
      "filter": "Операторы доп. полей",
      "descr": "Коллекция метаданных доп. полей. Поля объекта Change-handler Update-provider"
    },
    "code": {
      "type": "String(255)",
      "filter": "= != ~ ~= =~",
      "descr": "Код Приемки"
    },
    "contract": {
      "type": "Meta",
      "filter": "= !=",
      "descr": "Метаданные договора Expand Change-handler Update-provider"
    },
    "created": {
      "type": "DateTime",
      "filter": "= != < > <= >=",
      "descr": "Дата создания Обязательное при ответе Только для чтения Change-handler"
    },
    "deleted": {
      "type": "DateTime",
      "filter": "= != < > <= >=",
      "descr": "Момент последнего удаления Приемки Только для чтения"
    },
    "description": {
      "type": "String(4096)",
      "filter": "= != ~ ~= =~",
      "descr": "Комментарий Приемки Change-handler Update-provider"
    },
    "externalCode": {
      "type": "String(255)",
      "filter": "= != ~ ~= =~",
      "descr": "Внешний код Приемки Обязательное при ответе Change-handler"
    },
    "files": {
      "type": "MetaArray",
      "filter": null,
      "descr": "Метаданные массива Файлов (Максимальное количество файлов - 100) Обязательное при ответе Expand"
    },
    "group": {
      "type": "Meta",
      "filter": "= !=",
      "descr": "Отдел сотрудника Обязательное при ответе Expand"
    },
    "id": {
      "type": "UUID",
      "filter": "= !=",
      "descr": "ID Приемки Обязательное при ответе Только для чтения Change-handler"
    },
    "incomingDate": {
      "type": "DateTime",
      "filter": null,
      "descr": "Входящая дата Change-handler Update-provider"
    },
    "incomingNumber": {
      "type": "String(255)",
      "filter": null,
      "descr": "Входящий номер Change-handler Update-provider"
    },
    "meta": {
      "type": "Meta",
      "filter": null,
      "descr": "Метаданные Приемки Обязательное при ответе Change-handler"
    },
    "moment": {
      "type": "DateTime",
      "filter": "= != < > <= >=",
      "descr": "Дата документа Обязательное при ответе Change-handler Update-provider"
    },
    "name": {
      "type": "String(255)",
      "filter": "= != ~ ~= =~",
      "descr": "Наименование Приемки Обязательное при ответе Change-handler Update-provider"
    },
    "organization": {
      "type": "Meta",
      "filter": "= !=",
      "descr": "Метаданные юрлица Обязательное при ответе Expand Необходимо при создании Change-handler Update-provider"
    },
    "organizationAccount": {
      "type": "Meta",
      "filter": null,
      "descr": "Метаданные счета юрлица Expand Change-handler Update-provider"
    },
    "overhead": {
      "type": "Object",
      "filter": null,
      "descr": "Накладные расходы. Подробнее тут. Если Позиции Приемки не заданы, то накладные расходы нельзя задать Update-provider"
    },
    "owner": {
      "type": "Meta",
      "filter": "= !=",
      "descr": "Владелец (Сотрудник) Обязательное при ответе Expand"
    },
    "payedSum": {
      "type": "Float",
      "filter": null,
      "descr": "Сумма входящих платежей по Приемке Обязательное при ответе Только для чтения"
    },
    "positions": {
      "type": "MetaArray",
      "filter": null,
      "descr": "Метаданные позиций Приемки Обязательное при ответе Expand Change-handler Update-provider"
    },
    "printed": {
      "type": "Boolean",
      "filter": "= !=",
      "descr": "Напечатан ли документ Обязательное при ответе Только для чтения"
    },
    "project": {
      "type": "Meta",
      "filter": "= !=",
      "descr": "Метаданные проекта Expand Change-handler Update-provider"
    },
    "published": {
      "type": "Boolean",
      "filter": "= !=",
      "descr": "Опубликован ли документ Обязательное при ответе Только для чтения"
    },
    "rate": {
      "type": "Object",
      "filter": null,
      "descr": "Валюта. Подробнее тут Обязательное при ответе Change-handler Update-provider"
    },
    "shared": {
      "type": "Boolean",
      "filter": "= !=",
      "descr": "Общий доступ Обязательное при ответе"
    },
    "state": {
      "type": "Meta",
      "filter": "= !=",
      "descr": "Метаданные статуса Приемки Expand Change-handler Update-provider"
    },
    "store": {
      "type": "Meta",
      "filter": "= !=",
      "descr": "Метаданные склада Обязательное при ответе Expand Необходимо при создании Change-handler Update-provider"
    },
    "sum": {
      "type": "Int",
      "filter": "= != < > <= >=",
      "descr": "Сумма Приемки в копейках Обязательное при ответе Только для чтения Change-handler"
    },
    "syncId": {
      "type": "UUID",
      "filter": "= !=",
      "descr": "ID синхронизации. После заполнения недоступен для изменения"
    },
    "updated": {
      "type": "DateTime",
      "filter": "= != < > <= >=",
      "descr": "Момент последнего обновления Приемки Обязательное при ответе Только для чтения Change-handler"
    },
    "vatEnabled": {
      "type": "Boolean",
      "filter": null,
      "descr": "Учитывается ли НДС Обязательное при ответе Change-handler Update-provider"
    },
    "vatIncluded": {
      "type": "Boolean",
      "filter": null,
      "descr": "Включен ли НДС в цену Change-handler Update-provider"
    },
    "purchaseOrder": {
      "type": "Object",
      "filter": null,
      "descr": "Ссылка на связанный заказ поставщику в формате Метаданных"
    },
    "factureIn": {
      "type": "Object",
      "filter": null,
      "descr": "Ссылка на Счет-фактуру полученный, с которым связана эта Приемка в формате Метаданных"
    },
    "invoicesIn": {
      "type": "MetaArray",
      "filter": null,
      "descr": "Массив ссылок на связанные счета поставщиков в формате Метаданных"
    },
    "payments": {
      "type": "MetaArray",
      "filter": null,
      "descr": "Массив ссылок на связанные платежи в формате Метаданных"
    },
    "returns": {
      "type": "MetaArray",
      "filter": null,
      "descr": "Массив ссылок на связанные возвраты в формате Метаданных"
    },

    "vatSum": {
      "type": "Float",
      "filter": null,
      "descr": "Сумма НДС Обязательное при ответе Только для чтения Change-handler"
    }
  }
}