{
  "table": "payouts_fields",
  "url": "https://online.moysklad.ru/api/remap/1.2/entity/paymentout",
  "data": {
    "accountId": {
      "type": "UUID",
      "filter": "= !=",
      "descr": "ID учетной записи Обязательное при ответе Только для чтения"
    },
    "agent": {
      "type": "Meta",
      "filter": "= !=",
      "descr": "Метаданные контрагента Обязательное при ответе Expand Необходимо при создании"
    },
    "agentAccount": {
      "type": "Meta",
      "filter": null,
      "descr": "Метаданные счета контрагента Expand"
    },
    "applicable": {
      "type": "Boolean",
      "filter": "= !=",
      "descr": "Отметка о проведении Обязательное при ответе"
    },
    "attributes": {
      "type": "Array(Object)",
      "filter": "Операторы доп. полей",
      "descr": "Коллекция метаданных доп. полей. Поля объекта"
    },
    "code": {
      "type": "String(255)",
      "filter": "= != ~ ~= =~",
      "descr": "Код Исходящего платежа"
    },
    "contract": {
      "type": "Meta",
      "filter": "= !=",
      "descr": "Метаданные договора Expand"
    },
    "created": {
      "type": "DateTime",
      "filter": "= != < > <= >=",
      "descr": "Дата создания Обязательное при ответе Только для чтения"
    },
    "deleted": {
      "type": "DateTime",
      "filter": "= != < > <= >=",
      "descr": "Момент последнего удаления Исходящего платежа Только для чтения"
    },
    "description": {
      "type": "String(4096)",
      "filter": "= != ~ ~= =~",
      "descr": "Комментарий Исходящего платежа"
    },
    "expenseItem": {
      "type": "Meta",
      "filter": null,
      "descr": "Метаданные Статьи расходов Обязательное при ответе Expand Необходимо при создании"
    },
    "externalCode": {
      "type": "String(255)",
      "filter": "= != ~ ~= =~",
      "descr": "Внешний код Исходящего платежа Обязательное при ответе"
    },
    "files": {
      "type": "MetaArray",
      "filter": null,
      "descr": "Метаданные массива Файлов (Максимальное количество файлов - 100) Обязательное при ответе Expand"
    },
    "group": {
      "type": "Meta",
      "filter": "= !=",
      "descr": "Отдел сотрудника Обязательное при ответе Expand"
    },
    "id": {
      "type": "UUID",
      "filter": "= !=",
      "descr": "ID Исходящегоо платежа Обязательное при ответе Только для чтения"
    },
    "meta": {
      "type": "Meta",
      "filter": null,
      "descr": "Метаданные Исходящего платежа Обязательное при ответе"
    },
    "moment": {
      "type": "DateTime",
      "filter": "= != < > <= >=",
      "descr": "Дата документа Обязательное при ответе"
    },
    "name": {
      "type": "String(255)",
      "filter": "= != ~ ~= =~",
      "descr": "Наименование Исходящего платежа Обязательное при ответе"
    },
    "organization": {
      "type": "Meta",
      "filter": "= !=",
      "descr": "Метаданные юрлица Обязательное при ответе Expand Необходимо при создании"
    },
    "organizationAccount": {
      "type": "Meta",
      "filter": null,
      "descr": "Метаданные счета юрлица Expand"
    },
    "owner": {
      "type": "Meta",
      "filter": "= !=",
      "descr": "Владелец (Сотрудник) Обязательное при ответе Expand"
    },
    "paymentPurpose": {
      "type": "String(255)",
      "filter": "= != ~ ~= =~",
      "descr": "Назначение платежа Обязательное при ответе"
    },
    "printed": {
      "type": "Boolean",
      "filter": "= !=",
      "descr": "Напечатан ли документ Обязательное при ответе Только для чтения"
    },
    "project": {
      "type": "Meta",
      "filter": "= !=",
      "descr": "Метаданные проекта Expand"
    },
    "published": {
      "type": "Boolean",
      "filter": "= !=",
      "descr": "Опубликован ли документ Обязательное при ответе Только для чтения"
    },
    "rate": {
      "type": "Object",
      "filter": null,
      "descr": "Валюта. Подробнее тут Обязательное при ответе"
    },
    "salesChannel": {
      "type": "Meta",
      "filter": "= !=",
      "descr": "Метаданные канала продаж Expand"
    },
    "shared": {
      "type": "Boolean",
      "filter": "= !=",
      "descr": "Общий доступ Обязательное при ответе"
    },
    "state": {
      "type": "Meta",
      "filter": "= !=",
      "descr": "Метаданные статуса Исходящего платежа Expand"
    },
    "sum": {
      "type": "Int",
      "filter": "= != < > <= >=",
      "descr": "Сумма Входящего платежа в установленной валюте Обязательное при ответе Только для чтения"
    },
    "syncId": {
      "type": "UUID",
      "filter": "= !=",
      "descr": "ID синхронизации. После заполнения недоступен для изменения"
    },
    "updated": {
      "type": "DateTime",
      "filter": "= != < > <= >=",
      "descr": "Момент последнего обновления Исходящего платежа Обязательное при ответе Только для чтения"
    },
    "operations": {
      "type": "MetaArray",
      "filter": null,
      "descr": "Массив ссылок на связанные операции в формате Метаданных"
    },
    "factureOut": {
      "type": "String(255)",
      "filter": "= != ~ ~= =~",
      "descr": "Ссылка на Счет-фактуру выданный, с которым связан этот платеж в формате Метаданных"
    },
    "vatSum": {
      "type": "Float",
      "filter": null,
      "descr": "Сумма НДС Обязательное при ответе"
    }
  }
}