{
  "table": "pgsql_service_fields",
  "url": null,
  "data": {
    "event_id": {
      "type": "UUID",
      "descr": "ID сервисной записи"
    },
    "event_active": {
      "type": "Boolean",
      "descr": "требуется ли реакция на сообщение? активно ли оно?"
    },
    "event_level": {
      "type": "Int",
      "descr": "уровень события: как в логере 0-notset, 10-debug, 20-info, 30-warning, 40-error, 50-critical"
    },
    "event_time": {
      "type": "DateTime",
      "descr": "время события "
    },
    "event_name": {
      "type": "String(255)",
      "descr": "короткое название события"
    },
    "event_from": {
      "type": "String(255)",
      "descr": "источник события"
    },
    "event_table": {
      "type": "String(255)",
      "descr": "в какой таблице произошло событие?"
    },
    "event_to": {
      "type": "String(255)",
      "descr": "для кого предназначено событие?"
    },
    "event_req": {
      "type": "String(255)",
      "descr": "что требуется сделать?"
    },
    "event_descr": {
      "type": "String(4096)",
      "descr": "подробное описание события"
    },
    "event_reaction": {
      "type": "String(4096)",
      "descr": "ответ -что сделано на событие"
    },
    "event_reaction_time": {
      "type": "DateTime",
      "descr": "время, когда на событие среагировали"
    },
    "event_msg": {
      "type": "Meta",
      "descr": "сообщение для SocketClient, отправленное событием в виде словаря"
    },
    "event_period_start": {
      "type": "DateTime",
      "descr": "для указания времени обновления С"
    },
    "event_period_end": {
      "type": "DateTime",
      "descr": "для указания времени обновления ПО"
    }
  }
}