{
  "table": "product_fields",
  "url": "https://online.moysklad.ru/api/remap/1.2/entity/product",
  "data": {
    "accountId": {
      "type": "UUID",
      "filter": null,
      "descr": "ID учетной записи Обязательное при ответе Только для чтения"
    },
    "alcoholic": {
      "type": "Object",
      "filter": null,
      "descr": "Объект, содержащий поля алкогольной продукции. Подробнее тут"
    },
    "archived": {
      "type": "Boolean",
      "filter": "= !=",
      "descr": "Добавлен ли Товар в архив Обязательное при ответе"
    },
    "article": {
      "type": "String(255)",
      "filter": "= != ~ ~= =~",
      "descr": "Артикул"
    },
    "attributes": {
      "type": "Array(Object)",
      "filter": "Операторы доп. полей",
      "descr": "Коллекция доп. полей"
    },
    "barcodes": {
      "type": "Array(Object)",
      "filter": "= != ~ ~= =~",
      "descr": "Штрихкоды Комплекта. Подробнее тут"
    },
    "buyPrice": {
      "type": "Object",
      "filter": null,
      "descr": "Закупочная цена. Подробнее тут"
    },
    "code": {
      "type": "String(255)",
      "filter": "= != ~ ~= =~",
      "descr": "Код Товара"
    },
    "country": {
      "type": "Meta",
      "filter": null,
      "descr": "Метаданные Страны Expand"
    },
    "description": {
      "type": "String(4096)",
      "filter": "= != ~ ~= =~",
      "descr": "Описание Товара"
    },
    "discountProhibited": {
      "type": "Boolean",
      "filter": null,
      "descr": "Признак запрета скидок Обязательное при ответе"
    },
    "effectiveVat": {
      "type": "Int",
      "filter": null,
      "descr": "Реальный НДС % Только для чтения"
    },
    "effectiveVatEnabled": {
      "type": "Boolean",
      "filter": null,
      "descr": "Дополнительный признак для определения разграничения реального НДС = 0 или \"без НДС\". (effectiveVat = 0, effectiveVatEnabled = false) -> \"без НДС\", (effectiveVat = 0, effectiveVatEnabled = true) -> 0%. Только для чтения"
    },
    "externalCode": {
      "type": "String(255)",
      "filter": "= != ~ ~= =~",
      "descr": "Внешний код Товара Обязательное при ответе"
    },
    "files": {
      "type": "MetaArray",
      "filter": null,
      "descr": "Метаданные массива Файлов (Максимальное количество файлов - 100) Expand"
    },
    "group": {
      "type": "Meta",
      "filter": "= !=",
      "descr": "Метаданные отдела сотрудника Обязательное при ответе Expand"
    },
    "id": {
      "type": "UUID",
      "filter": "= !=",
      "descr": "ID Товара Обязательное при ответе Только для чтения"
    },
    "images": {
      "type": "MetaArray",
      "filter": null,
      "descr": "Массив метаданных Изображений (Максимальное количество изображений - 10) Expand"
    },
    "isSerialTrackable": {
      "type": "Boolean",
      "filter": "= !=",
      "descr": "Учет по серийным номерам. Данная отметка не сочетается с признаками weighed, alcoholic, ppeType, trackingType, onTap."
    },
    "meta": {
      "type": "Meta",
      "filter": null,
      "descr": "Метаданные Товара Обязательное при ответе"
    },
    "minPrice": {
      "type": "Object",
      "filter": null,
      "descr": "Минимальная цена. Подробнее тут"
    },
    "minimumBalance": {
      "type": "Int",
      "filter": "= != < > <= >=",
      "descr": "Неснижаемый остаток"
    },
    "name": {
      "type": "String(255)",
      "filter": "= != ~ ~= =~",
      "descr": "Наименование Товара Обязательное при ответе Необходимо при создании"
    },
    "owner": {
      "type": "Meta",
      "filter": "= !=",
      "descr": "Метаданные владельца (Сотрудника) Expand"
    },
    "packs": {
      "type": "Array(Object)",
      "filter": null,
      "descr": "Упаковки Товара. Подробнее тут"
    },
    "partialDisposal": {
      "type": "Boolean",
      "filter": null,
      "descr": "Управление состоянием частичного выбытия маркированного товара. «true» - возможность включена."
    },
    "pathName": {
      "type": "String",
      "filter": "= != ~ ~= =~",
      "descr": "Наименование группы, в которую входит Товар Обязательное при ответе Только для чтения"
    },
    "paymentItemType": {
      "type": "Enum",
      "filter": null,
      "descr": "Признак предмета расчета. Подробнее тут"
    },
    "ppeType": {
      "type": "Enum",
      "filter": null,
      "descr": "Код вида номенклатурной классификации медицинских средств индивидуальной защиты (EAN-13). Подробнее тут"
    },
    "productFolder": {
      "type": "Meta",
      "filter": null,
      "descr": "Метаданные группы Товара Expand"
    },
    "salePrices": {
      "type": "Array(Object)",
      "filter": null,
      "descr": "Цены продажи. Подробнее тут"
    },
    "shared": {
      "type": "Boolean",
      "filter": "= !=",
      "descr": "Общий доступ Обязательное при ответе"
    },
    "supplier": {
      "type": "Meta",
      "filter": "= !=",
      "descr": "Метаданные контрагента-поставщика Expand"
    },
    "syncId": {
      "type": "UUID",
      "filter": "= !=",
      "descr": "ID синхронизации Только для чтения Заполнение при создании"
    },
    "taxSystem": {
      "type": "Enum",
      "filter": null,
      "descr": "Код системы налогообложения. Подробнее тут"
    },
    "things": {
      "type": "Array(String)",
      "filter": null,
      "descr": "Серийные номера"
    },
    "tnved": {
      "type": "String(255)",
      "filter": null,
      "descr": "Код ТН ВЭД"
    },
    "trackingType": {
      "type": "Enum",
      "filter": null,
      "descr": "Тип маркируемой продукции. Подробнее тут"
    },
    "uom": {
      "type": "Meta",
      "filter": null,
      "descr": "Единицы измерения Expand"
    },
    "updated": {
      "type": "DateTime",
      "filter": "= != < > <= >=",
      "descr": "Момент последнего обновления сущности Обязательное при ответе Только для чтения"
    },
    "useParentVat": {
      "type": "Boolean",
      "filter": null,
      "descr": "Используется ли ставка НДС родительской группы. Если true для единицы ассортимента будет применена ставка, установленная для родительской группы. Обязательное при ответе"
    },
    "variantsCount": {
      "type": "Int",
      "filter": null,
      "descr": "Количество модификаций у данного товара Обязательное при ответе Только для чтения"
    },
    "vat": {
      "type": "Int",
      "filter": null,
      "descr": "НДС %"
    },
    "vatEnabled": {
      "type": "Boolean",
      "filter": null,
      "descr": "Включен ли НДС для товара. С помощью этого флага для товара можно выставлять НДС = 0 или НДС = \"без НДС\". (vat = 0, vatEnabled = false) -> vat = \"без НДС\", (vat = 0, vatEnabled = true) -> vat = 0%."
    },
    "volume": {
      "type": "Int",
      "filter": "= != < > <= >=",
      "descr": "Объем"
    },
    "weight": {
      "type": "Int",
      "filter": "= != < > <= >=",
      "descr": "Вес"
    }
  }
}