{
  "table": "profit_bycust_fields",
  "url": "https://online.moysklad.ru/api/remap/1.2/report/profit/bycounterparty",
  "data": {
    "counterparty": {
      "type": "Object",
      "descr": "Краткое представление Покупателя в отчете. Подробнее тут Обязательное при ответе"
    },
    "margin": {
      "type": "Float",
      "descr": "Рентабельность Обязательное при ответе"
    },
    "profit": {
      "type": "Float",
      "descr": "Прибыль Обязательное при ответе"
    },
    "returnAvgCheck": {
      "type": "Float",
      "descr": "Средний чек возврата Обязательное при ответе"
    },
    "returnCostSum": {
      "type": "Float",
      "descr": "Сумма себестоимостей возвратов Обязательное при ответе"
    },
    "returnCount": {
      "type": "Int",
      "descr": "Количество возвратов Обязательное при ответе"
    },
    "returnSum": {
      "type": "Float",
      "descr": "Сумма возвратов Обязательное при ответе"
    },
    "salesAvgCheck": {
      "type": "Float",
      "descr": "Средний чек продаж Обязательное при ответе"
    },
    "salesCount": {
      "type": "Int",
      "descr": "Количество продаж Обязательное при ответе"
    },
    "sellCostSum": {
      "type": "Float",
      "descr": "Сумма себестоимостей продаж Обязательное при ответе"
    },
    "sellSum": {
      "type": "Float",
      "descr": "Сумма продаж Обязательное при ответе"
    }
  }
}