{
  "table": "profit_byprod_fields",
  "url": "https://online.moysklad.ru/api/remap/1.2/report/profit/byproduct",
  "data": {
    "assortment": {
      "type": "Object",
      "descr": "Краткое представление Товара или Услуги в отчете. Подробнее тут и тут Обязательное при ответе"
    },
    "margin": {
      "type": "Float",
      "descr": "Рентабельность Обязательное при ответе"
    },
    "profit": {
      "type": "Float",
      "descr": "Прибыль Обязательное при ответе"
    },
    "returnCost": {
      "type": "Float",
      "descr": "Себестоимость возвратов Обязательное при ответе"
    },
    "returnCostSum": {
      "type": "Float",
      "descr": "Сумма себестоимостей возвратов Обязательное при ответе"
    },
    "returnPrice": {
      "type": "Float",
      "descr": "Цена возвратов Обязательное при ответе"
    },
    "returnQuantity": {
      "type": "Int",
      "descr": "Количество возвратов Обязательное при ответе"
    },
    "returnSum": {
      "type": "Float",
      "descr": "Сумма возвратов Обязательное при ответе"
    },
    "sellCost": {
      "type": "Float",
      "descr": "Себестоимость Обязательное при ответе"
    },
    "sellCostSum": {
      "type": "Float",
      "descr": "Сумма себестоимостей продаж Обязательное при ответе"
    },
    "sellPrice": {
      "type": "Float",
      "descr": "Цена продаж (средняя) Обязательное при ответе"
    },
    "sellQuantity": {
      "type": "Int",
      "descr": "Проданное количество Обязательное при ответе"
    },
    "sellSum": {
      "type": "Float",
      "descr": "Сумма продаж Обязательное при ответе"
    }
  }
}