{
  "table": "stockstore_fields",
  "url": "https://online.moysklad.ru/api/remap/1.2/report/stock/bystore",
  "data": {
    "meta": {
      "type": "Meta",
      "descr": "Метаданные склада, по которому выводится Остаток Обязательное при ответе"
    },
    "stock": {
      "type": "Int",
      "descr": "Остаток Обязательное при ответе"
    },
    "inTransit": {
      "type": "Int",
      "descr": "Ожидание Обязательное при ответе"
    },
    "reserve": {
      "type": "Int",
      "descr": "Резерв Обязательное при ответе"
    },
    "name": {
      "type": "String(255)",
      "descr": "Наименование склада Обязательное при ответе"
    }
  }
}