{
  "table": "stockall_fields",
  "url": "https://online.moysklad.ru/api/remap/1.2/report/stock/all",
  "data": {
    "article": {
      "type": "String(255)",
      "descr": "Артикул"
    },
    "code": {
      "type": "String(255)",
      "descr": "Код Обязательное при ответе"
    },
    "externalCode": {
      "type": "String(255)",
      "descr": "Внешний код сущности, по которой выводится остаток Обязательное при ответе"
    },
    "folder": {
      "type": "Object",
      "descr": "Группа Товара/Модификации/Cерии. Подробнее тут Обязательное при ответе"
    },
    "image": {
      "type": "Meta",
      "descr": "Метаданные изображения Товара/Модификации/Серии"
    },
    "inTransit": {
      "type": "Float",
      "descr": "Ожидание Обязательное при ответе"
    },
    "meta": {
      "type": "Meta",
      "descr": "Метаданные Товара/Модификации/Серии по которой выдается остаток Обязательное при ответе"
    },
    "name": {
      "type": "String(255)",
      "descr": "Наименование Обязательное при ответе"
    },
    "price": {
      "type": "Float",
      "descr": "Себестоимость"
    },
    "quantity": {
      "type": "Float",
      "descr": "Доступно Обязательное при ответе"
    },
    "reserve": {
      "type": "Float",
      "descr": "Резерв Обязательное при ответе"
    },
    "salePrice": {
      "type": "Float",
      "descr": "Цена продажи"
    },
    "stock": {
      "type": "Float",
      "descr": "Остаток Обязательное при ответе"
    },
    "stockDays": {
      "type": "Int",
      "descr": "Количество дней на складе Обязательное при ответе"
    },
    "uom": {
      "type": "Object",
      "descr": "Единица измерения. Подробнее тут Обязательное при ответе"
    }
  }
}