{"pgsql_service": {
    "fields_table": "pgsql_service_fields",
    "function": "",
    "unique": "",
    "sql_upd": 1
  },
  "products_table": {
    "fields_table": "product_fields",
    "function": "get_products_report",
    "unique":"id",
    "sql_upd": 1
  },
  "stock_remains_table": {
    "fields_table": "stockall_fields",
    "function": "get_stockall_report",
    "unique": "code",
    "sql_upd": 1
  },
  "stock_bystore_table": {
    "fields_table": "stockstore_fields",
    "function": "get_stockstore_report",
    "unique": "",
    "sql_upd": 0
  },
  "profit_byprod_table": {
    "fields_table": "profit_byprod_fields",
    "function": "get_profit_by_product",
    "unique": "assortment",
    "sql_upd": 1
  },
  "profit_bycust_table": {
    "fields_table": "profit_bycust_fields",
    "function": "get_profit_by_customer",
    "unique":"counterparty",
    "sql_upd": 1
  },
  "payments_in_table": {
    "fields_table": "payins_fields",
    "function": "get_payments_in",
    "unique":"id",
    "sql_upd": 1
  },
  "payments_out_table": {
    "fields_table": "payouts_fields",
    "function": "get_payments_out",
    "unique":"id",
    "sql_upd": 1
  },
  "packlists_in_table": {
    "fields_table": "packin_fields",
    "function": "get_pack_lists_in",
    "unique":"id",
    "sql_upd": 1
  },
  "packlists_out_table": {
    "fields_table": "packout_fields",
    "function": "get_pack_lists_out",
    "unique":"id",
    "sql_upd": 1
  },
  "invoices_out_table": {
    "fields_table": "invout_fields",
    "function": "get_invoices_out",
    "unique":"id",
    "sql_upd": 1
  },
  "invoices_in_table": {
    "fields_table": "invin_fields",
    "function": "get_invoices_in",
    "unique":"id",
    "sql_upd": 1
  },
  "customers_bal_table": {
    "fields_table": "customers_bal_fields",
    "function": "get_customers_bal_report",
    "unique":"counterparty",
    "sql_upd": 1
  },
  "customers_table": {
    "fields_table": "customers_fields",
    "function": "get_customers_report",
    "unique":"id",
    "sql_upd": 1
  }
}